{
  "IcoMoonType": "selection",
  "icons": [
    {
      "icon": {
        "paths": [
          "M960 780.736l-268.992-268.736 268.992-268.736-179.264-179.264-268.736 268.864-268.864-268.864-179.136 179.264 268.736 268.736-268.736 268.736 179.136 179.264 268.864-268.864 268.736 268.864z"
        ],
        "attrs": [],
        "isMulticolor": false,
        "isMulticolor2": false,
        "tags": [
          "x",
          "cancel",
          "close"
        ],
        "grid": 16
      },
      "attrs": [],
      "properties": {
        "id": 12,
        "order": 19,
        "prevSize": 32,
        "code": 59649,
        "name": "x"
      },
      "setIdx": 0,
      "setId": 4,
      "iconIdx": 11
    },
    {
      "icon": {
        "paths": [
          "M512 0c-282.752 0-512 229.248-512 512s229.248 512 512 512 512-229.248 512-512-229.248-512-512-512zM765.248 674.752l-90.496 90.496-162.752-162.752-162.752 162.752-90.496-90.496 162.752-162.752-162.752-162.752 90.496-90.496 162.752 162.752 162.752-162.752 90.496 90.496-162.752 162.752 162.752 162.752z"
        ],
        "attrs": [],
        "isMulticolor": false,
        "isMulticolor2": false,
        "tags": [
          "x-altx-alt",
          "cancel",
          "close"
        ],
        "grid": 16
      },
      "attrs": [],
      "properties": {
        "id": 13,
        "order": 20,
        "prevSize": 32,
        "code": 59650,
        "name": "x-altx-alt"
      },
      "setIdx": 0,
      "setId": 4,
      "iconIdx": 12
    },
    {
      "icon": {
        "paths": [
          "M1005.248 18.752c-24.992-24.992-65.888-24.992-90.88 0l-130.24 130.368c-53.376-35.488-114.624-53.12-176.128-53.12-81.888 0-163.744 31.264-226.24 93.76l-192 192c-109.504 109.376-123.008 278.496-40.736 402.624l-130.24 130.368c-24.992 24.992-24.992 65.504 0 90.496 12.48 12.512 28.832 18.752 45.216 18.752s32.736-6.24 45.248-18.752l130.24-130.368c53.376 35.488 115.008 53.12 176.512 53.12 81.888 0 163.744-31.264 226.24-93.76l191.616-192c109.504-109.376 123.008-278.496 40.736-402.624l130.624-130.368c25.024-24.992 25.024-65.504 0.032-90.496zM799.616 416c0 51.264-20 99.488-56.256 135.744l-191.616 192c-36.256 36.256-84.48 56.256-135.744 56.256-28.992 0-56.736-7.136-82.24-19.264l95.488-95.488c24.992-24.992 24.992-65.504 0-90.496s-65.504-24.992-90.496 0l-95.488 95.488c-12.256-25.376-19.264-53.12-19.264-82.24 0-51.264 20-99.488 56.256-135.744l192-192c36.256-36.256 84.48-56.256 135.744-56.256 28.992 0 56.64 7.136 82.112 19.264l-97.376 97.504c-24.992 24.992-24.992 65.504 0 90.496 12.512 12.512 28.864 18.752 45.248 18.752 16.256 0 32.64-6.24 45.12-18.752l97.248-97.504c12.288 25.376 19.264 53.12 19.264 82.24z"
        ],
        "attrs": [],
        "isMulticolor": false,
        "isMulticolor2": false,
        "tags": [
          "link",
          "chain"
        ],
        "grid": 16
      },
      "attrs": [],
      "properties": {
        "id": 38,
        "order": 12,
        "prevSize": 32,
        "code": 59651,
        "name": "link2"
      },
      "setIdx": 0,
      "setId": 4,
      "iconIdx": 37
    },
    {
      "icon": {
        "paths": [
          "M764.256 194.752l-90.24 90.624c60.48 60.512 93.984 140.992 93.984 226.624 0 176.512-143.488 320-320 320v-64l-128 128 128 128v-64c247.008 0 448-200.992 448-448 0-119.872-46.752-232.512-131.744-317.248zM576 128l-128-128v64c-247.008 0-448 200.992-448 448 0 119.872 46.752 232.512 131.744 317.248l90.24-90.624c-60.48-60.512-93.984-140.992-93.984-226.624 0-176.512 143.488-320 320-320v64l128-128z"
        ],
        "width": 896,
        "attrs": [],
        "isMulticolor": false,
        "isMulticolor2": false,
        "tags": [
          "spin",
          "refresh",
          "reload",
          "synchronize",
          "loop"
        ],
        "grid": 16
      },
      "attrs": [],
      "properties": {
        "id": 56,
        "order": 13,
        "prevSize": 32,
        "code": 59652,
        "name": "spin"
      },
      "setIdx": 0,
      "setId": 4,
      "iconIdx": 55
    },
    {
      "icon": {
        "paths": [
          "M1024 512c0-282.752-229.248-512-512-512-282.784 0-512 229.248-512 512 0 282.784 229.216 512 512 512 282.752 0 512-229.216 512-512zM256 512l256-256v192h256v128h-256v192l-256-256z"
        ],
        "attrs": [],
        "isMulticolor": false,
        "isMulticolor2": false,
        "tags": [
          "arrow-left-alt1",
          "left",
          "previous"
        ],
        "grid": 16
      },
      "attrs": [],
      "properties": {
        "id": 74,
        "order": 16,
        "prevSize": 32,
        "code": 59653,
        "name": "arrow-left-alt1"
      },
      "setIdx": 0,
      "setId": 4,
      "iconIdx": 73
    },
    {
      "icon": {
        "paths": [
          "M0 512c0 282.752 229.248 512 512 512 282.784 0 512-229.248 512-512 0-282.784-229.216-512-512-512-282.752 0-512 229.216-512 512zM768 512l-256 256v-192h-256v-128h256v-192l256 256z"
        ],
        "attrs": [],
        "isMulticolor": false,
        "isMulticolor2": false,
        "tags": [
          "arrow-right-alt1",
          "right",
          "next"
        ],
        "grid": 16
      },
      "attrs": [],
      "properties": {
        "id": 77,
        "order": 15,
        "prevSize": 32,
        "code": 59654,
        "name": "arrow-right-alt1"
      },
      "setIdx": 0,
      "setId": 4,
      "iconIdx": 76
    },
    {
      "icon": {
        "paths": [
          "M256 768c-141.376 0-256-114.624-256-256s114.624-256 256-256v512zM384 256l256-128v768l-256-128zM768.128 767.872v-128c10.624 0 21.376-1.376 32.128-4 56.128-14.24 95.744-65.248 95.744-123.872s-39.616-109.504-96.384-123.872c-10.112-2.496-20.864-3.872-31.488-3.872v-128c20.992 0 42.016 2.624 62.624 7.616 113.888 28.992 193.248 130.88 193.248 248.128 0 117.376-79.36 219.36-192.864 248.128-21.248 5.12-42.272 7.744-63.008 7.744v0z"
        ],
        "attrs": [],
        "isMulticolor": false,
        "isMulticolor2": false,
        "tags": [
          "volume",
          "sound"
        ],
        "grid": 16
      },
      "attrs": [],
      "properties": {
        "id": 89,
        "order": 18,
        "prevSize": 32,
        "code": 59655,
        "name": "volume"
      },
      "setIdx": 0,
      "setId": 4,
      "iconIdx": 88
    },
    {
      "icon": {
        "paths": [
          "M948.992 75.008c-49.984-50.016-115.488-75.008-180.992-75.008s-131.008 24.992-180.992 75.008l-586.016 585.984-0.992 363.008h361.984l587.008-587.008c100-100 100-261.984 0-361.984zM308.992 896h-1.376c49.984-49.984 49.984-132 0-182.016-47.872-47.872-123.488-48.512-173.76-4.736l542.528-542.496 180.992 180.992-548.384 548.256z"
        ],
        "attrs": [],
        "isMulticolor": false,
        "isMulticolor2": false,
        "tags": [
          "pen-alt-stroke",
          "write",
          "blog"
        ],
        "grid": 16
      },
      "attrs": [],
      "properties": {
        "id": 129,
        "order": 23,
        "prevSize": 32,
        "code": 59656,
        "name": "pen-alt-stroke"
      },
      "setIdx": 0,
      "setId": 4,
      "iconIdx": 128
    },
    {
      "icon": {
        "paths": [
          "M0 704l512.032 128 511.968-128v128l-511.968 128-512.032-128zM0 448l512.032 128 511.968-128v128l-511.968 128-512.032-128zM0 192l512.032-128 511.968 128v128l-511.968 128-512.032-128z"
        ],
        "width": 1022,
        "attrs": [],
        "isMulticolor": false,
        "isMulticolor2": false,
        "tags": [
          "layers"
        ],
        "grid": 16
      },
      "attrs": [],
      "properties": {
        "id": 136,
        "order": 21,
        "prevSize": 32,
        "code": 59657,
        "name": "layers"
      },
      "setIdx": 0,
      "setId": 4,
      "iconIdx": 135
    },
    {
      "icon": {
        "paths": [
          "M864 0c88.364 0 160 71.634 160 160 0 36.020-11.91 69.258-32 96l-64 64-224-224 64-64c26.742-20.090 59.978-32 96-32zM64 736l-64 288 288-64 592-592-224-224-592 592zM715.578 363.578l-448 448-55.156-55.156 448-448 55.156 55.156z"
        ],
        "tags": [
          "pencil",
          "write",
          "edit"
        ],
        "defaultCode": 59653,
        "grid": 16,
        "attrs": []
      },
      "attrs": [],
      "properties": {
        "ligatures": "pencil, write",
        "name": "pencil",
        "order": 28,
        "id": 6,
        "prevSize": 32,
        "code": 59658
      },
      "setIdx": 3,
      "setId": 1,
      "iconIdx": 5
    },
    {
      "icon": {
        "width": 1152,
        "paths": [
          "M1088 128h-64v-64c0-35.2-28.8-64-64-64h-896c-35.2 0-64 28.8-64 64v768c0 35.2 28.8 64 64 64h64v64c0 35.2 28.8 64 64 64h896c35.2 0 64-28.8 64-64v-768c0-35.2-28.8-64-64-64zM128 192v640h-63.886c-0.040-0.034-0.082-0.076-0.114-0.116v-767.77c0.034-0.040 0.076-0.082 0.114-0.114h895.77c0.040 0.034 0.082 0.076 0.116 0.116v63.884h-768c-35.2 0-64 28.8-64 64v0zM1088 959.884c-0.034 0.040-0.076 0.082-0.116 0.116h-895.77c-0.040-0.034-0.082-0.076-0.114-0.116v-767.77c0.034-0.040 0.076-0.082 0.114-0.114h895.77c0.040 0.034 0.082 0.076 0.116 0.116v767.768z",
          "M960 352c0 53.020-42.98 96-96 96s-96-42.98-96-96 42.98-96 96-96 96 42.98 96 96z",
          "M1024 896h-768v-128l224-384 256 320h64l224-192z"
        ],
        "tags": [
          "images",
          "pictures",
          "photos",
          "graphics"
        ],
        "defaultCode": 59662,
        "grid": 16,
        "attrs": []
      },
      "attrs": [],
      "properties": {
        "ligatures": "images, pictures",
        "name": "images",
        "order": 24,
        "id": 15,
        "prevSize": 32,
        "code": 59662
      },
      "setIdx": 3,
      "setId": 1,
      "iconIdx": 14
    },
    {
      "icon": {
        "paths": [
          "M0 128v768h1024v-768h-1024zM192 832h-128v-128h128v128zM192 576h-128v-128h128v128zM192 320h-128v-128h128v128zM768 832h-512v-640h512v640zM960 832h-128v-128h128v128zM960 576h-128v-128h128v128zM960 320h-128v-128h128v128zM384 320v384l256-192z"
        ],
        "tags": [
          "film",
          "video",
          "movie",
          "tape",
          "play"
        ],
        "defaultCode": 59667,
        "grid": 16,
        "attrs": []
      },
      "attrs": [],
      "properties": {
        "ligatures": "film, video2",
        "name": "film",
        "order": 27,
        "id": 20,
        "prevSize": 32,
        "code": 59667
      },
      "setIdx": 3,
      "setId": 1,
      "iconIdx": 19
    },
    {
      "icon": {
        "paths": [
          "M976 0h-384c-26.4 0-63.274 15.274-81.942 33.942l-476.116 476.116c-18.668 18.668-18.668 49.214 0 67.882l412.118 412.118c18.668 18.668 49.214 18.668 67.882 0l476.118-476.118c18.666-18.666 33.94-55.54 33.94-81.94v-384c0-26.4-21.6-48-48-48zM736 384c-53.020 0-96-42.98-96-96s42.98-96 96-96 96 42.98 96 96-42.98 96-96 96z"
        ],
        "tags": [
          "price-tag"
        ],
        "defaultCode": 59701,
        "grid": 16,
        "attrs": []
      },
      "attrs": [],
      "properties": {
        "ligatures": "price-tag",
        "name": "price-tag",
        "order": 25,
        "id": 54,
        "prevSize": 32,
        "code": 59701
      },
      "setIdx": 3,
      "setId": 1,
      "iconIdx": 53
    },
    {
      "icon": {
        "paths": [
          "M512 64c282.77 0 512 186.25 512 416 0 229.752-229.23 416-512 416-27.156 0-53.81-1.734-79.824-5.044-109.978 109.978-241.25 129.7-368.176 132.596v-26.916c68.536-33.578 128-94.74 128-164.636 0-9.754-0.758-19.33-2.164-28.696-115.796-76.264-189.836-192.754-189.836-323.304 0-229.75 229.23-416 512-416z"
        ],
        "tags": [
          "bubble",
          "comment",
          "chat",
          "talk"
        ],
        "defaultCode": 59755,
        "grid": 16,
        "attrs": []
      },
      "attrs": [],
      "properties": {
        "ligatures": "bubble, comment",
        "name": "bubble",
        "order": 32,
        "id": 108,
        "prevSize": 32,
        "code": 59755
      },
      "setIdx": 3,
      "setId": 1,
      "iconIdx": 107
    },
    {
      "icon": {
        "paths": [
          "M512 303.096c-32.964 0-59.686-26.724-59.686-59.686v-179.060c0-32.964 26.722-59.686 59.686-59.686 32.962 0 59.688 26.722 59.688 59.686v179.060c0 32.964-26.726 59.686-59.688 59.686z",
          "M512 996.956c-20.602 0-37.304-16.702-37.304-37.304v-179.060c0-20.602 16.702-37.304 37.304-37.304 20.604 0 37.304 16.704 37.304 37.304v179.060c0 20.602-16.7 37.304-37.304 37.304z",
          "M377.756 335.36c-19.34 0-38.146-10.034-48.512-27.988l-89.53-155.070c-15.452-26.764-6.282-60.986 20.482-76.438 26.762-15.45 60.986-6.284 76.438 20.482l89.53 155.072c15.452 26.764 6.282 60.986-20.482 76.438-8.81 5.084-18.432 7.504-27.926 7.504z",
          "M735.856 933.256c-11.602 0-22.886-6.022-29.108-16.792l-89.53-155.070c-9.27-16.056-3.77-36.592 12.29-45.864 16.056-9.264 36.59-3.77 45.864 12.292l89.532 155.068c9.27 16.058 3.768 36.592-12.292 45.864-5.286 3.048-11.060 4.502-16.756 4.502z",
          "M279.344 429.94c-8.86 0-17.838-2.256-26.064-7.006l-155.072-89.53c-24.978-14.422-33.538-46.362-19.116-71.342 14.42-24.978 46.364-33.538 71.342-19.116l155.070 89.53c24.98 14.422 33.538 46.362 19.116 71.34-9.668 16.756-27.226 26.124-45.276 26.124z",
          "M899.648 765.674c-5.064 0-10.196-1.29-14.894-4.004l-155.068-89.53c-14.274-8.24-19.164-26.494-10.924-40.768 8.242-14.276 26.496-19.166 40.766-10.924l155.070 89.532c14.274 8.24 19.164 26.492 10.924 40.766-5.53 9.574-15.562 14.928-25.874 14.928z",
          "M243.41 560.496h-179.060c-26.784 0-48.496-21.712-48.496-48.496s21.712-48.496 48.496-48.496h179.060c26.784 0 48.496 21.712 48.496 48.496s-21.712 48.496-48.496 48.496z",
          "M959.65 541.844c-0.002 0 0 0 0 0h-179.060c-16.482-0.002-29.844-13.364-29.844-29.844s13.364-29.844 29.844-29.844c0.002 0 0 0 0 0h179.060c16.482 0 29.844 13.362 29.844 29.844 0 16.48-13.364 29.844-29.844 29.844z",
          "M124.366 780.598c-15.472 0-30.518-8.028-38.81-22.39-12.362-21.41-5.026-48.79 16.384-61.148l155.072-89.532c21.41-12.368 48.79-5.028 61.15 16.384 12.362 21.412 5.026 48.79-16.384 61.15l-155.072 89.53c-7.050 4.070-14.748 6.006-22.34 6.006z",
          "M744.632 407.552c-10.314 0-20.346-5.352-25.874-14.926-8.24-14.274-3.35-32.526 10.924-40.768l155.070-89.528c14.272-8.236 32.526-3.352 40.768 10.922 8.24 14.274 3.35 32.526-10.924 40.768l-155.070 89.528c-4.7 2.714-9.83 4.004-14.894 4.004z",
          "M288.136 940.716c-6.962 0-14.016-1.774-20.48-5.504-19.626-11.332-26.35-36.428-15.020-56.054l89.53-155.070c11.33-19.628 36.426-26.352 56.054-15.022 19.626 11.332 26.35 36.43 15.020 56.054l-89.53 155.072c-7.598 13.166-21.392 20.524-35.574 20.524z",
          "M646.266 309.242c-5.062 0-10.196-1.29-14.894-4.002-14.274-8.242-19.164-26.494-10.924-40.766l89.534-155.070c8.24-14.274 26.492-19.166 40.766-10.922 14.274 8.242 19.164 26.494 10.924 40.766l-89.532 155.070c-5.53 9.57-15.56 14.924-25.874 14.924z"
        ],
        "tags": [
          "spinner",
          "loading",
          "loading-wheel",
          "busy",
          "wait"
        ],
        "defaultCode": 59772,
        "grid": 16,
        "attrs": []
      },
      "attrs": [],
      "properties": {
        "ligatures": "spinner3, loading4",
        "name": "spinner3",
        "order": 4,
        "id": 125,
        "prevSize": 32,
        "code": 59772
      },
      "setIdx": 3,
      "setId": 1,
      "iconIdx": 124
    },
    {
      "icon": {
        "paths": [
          "M992.262 871.396l-242.552-206.294c-25.074-22.566-51.89-32.926-73.552-31.926 57.256-67.068 91.842-154.078 91.842-249.176 0-212.078-171.922-384-384-384-212.076 0-384 171.922-384 384s171.922 384 384 384c95.098 0 182.108-34.586 249.176-91.844-1 21.662 9.36 48.478 31.926 73.552l206.294 242.552c35.322 39.246 93.022 42.554 128.22 7.356s31.892-92.898-7.354-128.22zM384 640c-141.384 0-256-114.616-256-256s114.616-256 256-256 256 114.616 256 256-114.614 256-256 256z"
        ],
        "tags": [
          "search",
          "magnifier",
          "magnifying-glass",
          "inspect",
          "find"
        ],
        "defaultCode": 59782,
        "grid": 16,
        "attrs": []
      },
      "attrs": [],
      "properties": {
        "ligatures": "search, magnifier",
        "name": "search",
        "order": 26,
        "id": 135,
        "prevSize": 32,
        "code": 59782
      },
      "setIdx": 3,
      "setId": 1,
      "iconIdx": 134
    },
    {
      "icon": {
        "paths": [
          "M64 192h896v192h-896zM64 448h896v192h-896zM64 704h896v192h-896z"
        ],
        "tags": [
          "menu",
          "list",
          "options",
          "lines",
          "hamburger"
        ],
        "defaultCode": 59837,
        "grid": 16,
        "attrs": []
      },
      "attrs": [],
      "properties": {
        "ligatures": "menu, list3",
        "name": "menu",
        "order": 22,
        "id": 190,
        "prevSize": 32,
        "code": 59837
      },
      "setIdx": 3,
      "setId": 1,
      "iconIdx": 189
    },
    {
      "icon": {
        "paths": [
          "M440.236 635.766c-13.31 0-26.616-5.076-36.77-15.23-95.134-95.136-95.134-249.934 0-345.070l192-192c46.088-46.086 107.36-71.466 172.534-71.466s126.448 25.38 172.536 71.464c95.132 95.136 95.132 249.934 0 345.070l-87.766 87.766c-20.308 20.308-53.23 20.308-73.54 0-20.306-20.306-20.306-53.232 0-73.54l87.766-87.766c54.584-54.586 54.584-143.404 0-197.99-26.442-26.442-61.6-41.004-98.996-41.004s-72.552 14.562-98.996 41.006l-192 191.998c-54.586 54.586-54.586 143.406 0 197.992 20.308 20.306 20.306 53.232 0 73.54-10.15 10.152-23.462 15.23-36.768 15.23z",
          "M256 1012c-65.176 0-126.45-25.38-172.534-71.464-95.134-95.136-95.134-249.934 0-345.070l87.764-87.764c20.308-20.306 53.234-20.306 73.54 0 20.308 20.306 20.308 53.232 0 73.54l-87.764 87.764c-54.586 54.586-54.586 143.406 0 197.992 26.44 26.44 61.598 41.002 98.994 41.002s72.552-14.562 98.998-41.006l192-191.998c54.584-54.586 54.584-143.406 0-197.992-20.308-20.308-20.306-53.232 0-73.54 20.306-20.306 53.232-20.306 73.54 0.002 95.132 95.134 95.132 249.932 0.002 345.068l-192.002 192c-46.090 46.088-107.364 71.466-172.538 71.466z"
        ],
        "tags": [
          "link",
          "chain",
          "url",
          "uri",
          "anchor"
        ],
        "defaultCode": 59851,
        "grid": 16,
        "attrs": []
      },
      "attrs": [],
      "properties": {
        "ligatures": "link, chain",
        "name": "link",
        "order": 31,
        "id": 204,
        "prevSize": 32,
        "code": 59851
      },
      "setIdx": 3,
      "setId": 1,
      "iconIdx": 203
    },
    {
      "icon": {
        "paths": [
          "M512 0c-282.77 0-512 229.23-512 512s229.23 512 512 512 512-229.23 512-512-229.23-512-512-512zM512 928c-229.75 0-416-186.25-416-416s186.25-416 416-416 416 186.25 416 416-186.25 416-416 416z",
          "M672 256l-160 160-160-160-96 96 160 160-160 160 96 96 160-160 160 160 96-96-160-160 160-160z"
        ],
        "tags": [
          "cancel-circle",
          "close",
          "remove",
          "delete"
        ],
        "defaultCode": 59917,
        "grid": 16,
        "attrs": []
      },
      "attrs": [],
      "properties": {
        "ligatures": "cancel-circle, close",
        "name": "cancel-circle",
        "order": 6,
        "id": 270,
        "prevSize": 32,
        "code": 59917
      },
      "setIdx": 3,
      "setId": 1,
      "iconIdx": 269
    },
    {
      "icon": {
        "paths": [
          "M719.53 831.53c-12.286 0-24.566-4.686-33.942-14.056-18.744-18.744-18.744-49.136 0-67.882 131.006-131.006 131.006-344.17 0-475.176-18.744-18.746-18.744-49.138 0-67.882 18.744-18.742 49.138-18.744 67.882 0 81.594 81.59 126.53 190.074 126.53 305.466 0 115.39-44.936 223.876-126.53 305.47-9.372 9.374-21.656 14.060-33.94 14.060v0zM549.020 741.020c-12.286 0-24.566-4.686-33.942-14.058-18.746-18.746-18.746-49.134 0-67.88 81.1-81.1 81.1-213.058 0-294.156-18.746-18.746-18.746-49.138 0-67.882s49.136-18.744 67.882 0c118.53 118.53 118.53 311.392 0 429.922-9.372 9.368-21.656 14.054-33.94 14.054z",
          "M416.006 960c-8.328 0-16.512-3.25-22.634-9.374l-246.626-246.626h-114.746c-17.672 0-32-14.326-32-32v-320c0-17.672 14.328-32 32-32h114.746l246.626-246.628c9.154-9.154 22.916-11.89 34.874-6.936 11.958 4.952 19.754 16.622 19.754 29.564v832c0 12.944-7.796 24.612-19.754 29.564-3.958 1.64-8.118 2.436-12.24 2.436z"
        ],
        "tags": [
          "volume-medium",
          "volume",
          "audio",
          "speaker",
          "player"
        ],
        "defaultCode": 59943,
        "grid": 16,
        "attrs": []
      },
      "attrs": [],
      "properties": {
        "ligatures": "volume-medium, volume2",
        "name": "volume-medium",
        "order": 9,
        "id": 296,
        "prevSize": 32,
        "code": 59943
      },
      "setIdx": 3,
      "setId": 1,
      "iconIdx": 295
    },
    {
      "icon": {
        "paths": [
          "M889.68 166.32c-93.608-102.216-228.154-166.32-377.68-166.32-282.77 0-512 229.23-512 512h96c0-229.75 186.25-416 416-416 123.020 0 233.542 53.418 309.696 138.306l-149.696 149.694h352v-352l-134.32 134.32z",
          "M928 512c0 229.75-186.25 416-416 416-123.020 0-233.542-53.418-309.694-138.306l149.694-149.694h-352v352l134.32-134.32c93.608 102.216 228.154 166.32 377.68 166.32 282.77 0 512-229.23 512-512h-96z"
        ],
        "tags": [
          "loop",
          "repeat",
          "player",
          "reload",
          "refresh",
          "update",
          "synchronize",
          "arrows"
        ],
        "defaultCode": 59950,
        "grid": 16,
        "attrs": []
      },
      "attrs": [],
      "properties": {
        "ligatures": "loop2, repeat2",
        "name": "loop2",
        "order": 30,
        "id": 303,
        "prevSize": 32,
        "code": 59950
      },
      "setIdx": 3,
      "setId": 1,
      "iconIdx": 302
    },
    {
      "icon": {
        "paths": [
          "M621.254 877.254l320-320c24.994-24.992 24.994-65.516 0-90.51l-320-320c-24.994-24.992-65.516-24.992-90.51 0-24.994 24.994-24.994 65.516 0 90.51l210.746 210.746h-613.49c-35.346 0-64 28.654-64 64s28.654 64 64 64h613.49l-210.746 210.746c-12.496 12.496-18.744 28.876-18.744 45.254s6.248 32.758 18.744 45.254c24.994 24.994 65.516 24.994 90.51 0z"
        ],
        "tags": [
          "arrow-right",
          "right",
          "next"
        ],
        "defaultCode": 59964,
        "grid": 16,
        "attrs": []
      },
      "attrs": [],
      "properties": {
        "ligatures": "arrow-right2, right4",
        "name": "arrow-right2",
        "order": 8,
        "id": 317,
        "prevSize": 32,
        "code": 59964
      },
      "setIdx": 3,
      "setId": 1,
      "iconIdx": 316
    },
    {
      "icon": {
        "paths": [
          "M402.746 877.254l-320-320c-24.994-24.992-24.994-65.516 0-90.51l320-320c24.994-24.992 65.516-24.992 90.51 0 24.994 24.994 24.994 65.516 0 90.51l-210.746 210.746h613.49c35.346 0 64 28.654 64 64s-28.654 64-64 64h-613.49l210.746 210.746c12.496 12.496 18.744 28.876 18.744 45.254s-6.248 32.758-18.744 45.254c-24.994 24.994-65.516 24.994-90.51 0z"
        ],
        "tags": [
          "arrow-left",
          "left",
          "previous"
        ],
        "defaultCode": 59968,
        "grid": 16,
        "attrs": []
      },
      "attrs": [],
      "properties": {
        "ligatures": "arrow-left2, left4",
        "name": "arrow-left2",
        "order": 7,
        "id": 321,
        "prevSize": 32,
        "code": 59968
      },
      "setIdx": 3,
      "setId": 1,
      "iconIdx": 320
    },
    {
      "icon": {
        "paths": [
          "M864 704c-45.16 0-85.92 18.738-115.012 48.83l-431.004-215.502c1.314-8.252 2.016-16.706 2.016-25.328s-0.702-17.076-2.016-25.326l431.004-215.502c29.092 30.090 69.852 48.828 115.012 48.828 88.366 0 160-71.634 160-160s-71.634-160-160-160-160 71.634-160 160c0 8.622 0.704 17.076 2.016 25.326l-431.004 215.504c-29.092-30.090-69.852-48.83-115.012-48.83-88.366 0-160 71.636-160 160 0 88.368 71.634 160 160 160 45.16 0 85.92-18.738 115.012-48.828l431.004 215.502c-1.312 8.25-2.016 16.704-2.016 25.326 0 88.368 71.634 160 160 160s160-71.632 160-160c0-88.364-71.634-160-160-160z"
        ],
        "tags": [
          "share",
          "social"
        ],
        "defaultCode": 60034,
        "grid": 16,
        "attrs": []
      },
      "attrs": [],
      "properties": {
        "ligatures": "share2, social",
        "name": "share2",
        "order": 29,
        "id": 387,
        "prevSize": 32,
        "code": 60034
      },
      "setIdx": 3,
      "setId": 1,
      "iconIdx": 386
    },
    {
      "icon": {
        "paths": [
          "M512 0c-139.072 0-156.48 0.64-211.072 3.072-54.528 2.56-91.648 11.136-124.288 23.808-33.664 13.056-62.272 30.592-90.688 59.072-28.48 28.416-46.080 56.96-59.072 90.688-12.672 32.64-21.312 69.76-23.808 124.288-2.56 54.592-3.072 72-3.072 211.072s0.64 156.48 3.072 211.072c2.56 54.528 11.136 91.712 23.808 124.288 13.056 33.664 30.592 62.272 59.072 90.688 28.416 28.48 56.96 46.080 90.688 59.072 32.64 12.672 69.76 21.312 124.288 23.808 54.592 2.56 72 3.072 211.072 3.072s156.48-0.64 211.072-3.072c54.528-2.56 91.712-11.136 124.288-23.808 33.664-13.056 62.272-30.592 90.688-59.072 28.48-28.416 46.080-56.96 59.072-90.688 12.672-32.64 21.312-69.76 23.808-124.288 2.56-54.592 3.072-72 3.072-211.072s-0.64-156.48-3.072-211.072c-2.56-54.528-11.136-91.712-23.808-124.288-13.056-33.664-30.592-62.272-59.072-90.688-28.416-28.48-56.96-46.080-90.688-59.072-32.64-12.672-69.76-21.312-124.288-23.808-54.592-2.56-72-3.072-211.072-3.072zM512 92.16c136.704 0 152.96 0.64 206.912 3.072 49.92 2.304 76.992 10.624 95.040 17.664 23.936 9.28 40.96 20.352 58.88 38.272s28.992 34.944 38.272 58.88c7.040 18.048 15.36 45.12 17.664 95.040 2.432 54.016 3.008 70.208 3.008 206.912s-0.64 152.96-3.2 206.912c-2.56 49.92-10.88 76.992-17.92 95.040-9.6 23.936-20.48 40.96-38.4 58.88s-35.2 28.992-58.88 38.272c-17.92 7.040-45.44 15.36-95.36 17.664-54.4 2.432-70.4 3.008-207.36 3.008s-152.96-0.64-207.36-3.2c-49.92-2.56-77.44-10.88-95.36-17.92-24.32-9.6-40.96-20.48-58.88-38.4s-29.44-35.2-38.4-58.88c-7.040-17.92-15.36-45.44-17.92-95.36-1.92-53.76-2.56-70.4-2.56-206.72s0.64-152.96 2.56-207.36c2.56-49.92 10.88-77.44 17.92-95.36 8.96-24.32 20.48-40.96 38.4-58.88s34.56-29.44 58.88-38.4c17.92-7.040 44.8-15.36 94.72-17.92 54.4-1.92 70.4-2.56 207.36-2.56zM512 249.088c-145.28 0-262.912 117.76-262.912 262.912 0 145.28 117.76 262.912 262.912 262.912 145.28 0 262.912-117.76 262.912-262.912 0-145.28-117.76-262.912-262.912-262.912zM512 682.688c-94.272 0-170.688-76.416-170.688-170.688s76.416-170.688 170.688-170.688c94.272 0 170.688 76.416 170.688 170.688s-76.416 170.688-170.688 170.688zM846.72 238.72c0 33.92-27.52 61.44-61.44 61.44s-61.44-27.52-61.44-61.44 27.52-61.44 61.44-61.44 61.44 27.52 61.44 61.44z"
        ],
        "attrs": [
          {
            "fill": "rgb(228, 64, 95)"
          }
        ],
        "isMulticolor": false,
        "isMulticolor2": false,
        "tags": [
          "brand",
          "instagram"
        ],
        "grid": 0
      },
      "attrs": [
        {
          "fill": "rgb(228, 64, 95)"
        }
      ],
      "properties": {
        "id": 115,
        "order": 2,
        "prevSize": 32,
        "code": 59659,
        "name": "brand"
      },
      "setIdx": 2,
      "setId": 2,
      "iconIdx": 114
    }
  ],
  "height": 1024,
  "metadata": {
    "name": "gecko-icon"
  },
  "preferences": {
    "showGlyphs": true,
    "showQuickUse": true,
    "showQuickUse2": true,
    "showSVGs": true,
    "fontPref": {
      "prefix": "gecko-",
      "metadata": {
        "fontFamily": "gecko-icon",
        "majorVersion": 1,
        "minorVersion": 0
      },
      "metrics": {
        "emSize": 1024,
        "baseline": 6.25,
        "whitespace": 50
      },
      "embed": false,
      "showSelector": true,
      "showMetrics": false,
      "showMetadata": false,
      "showVersion": false,
      "selector": "class",
      "classSelector": ".gecko-icon"
    },
    "imagePref": {
      "prefix": "icon-",
      "png": true,
      "useClassSelector": true,
      "color": 0,
      "bgColor": 16777215,
      "classSelector": ".icon"
    },
    "historySize": 50,
    "showCodes": true,
    "gridSize": 16
  }
}